feature,n,n_women,n_recordings,n_baseline,n_contraction,n_fetal_movement,model,optimizer,converged,fallback,boundary_fit,boundary_reason,warning_summary,contrast,term,estimate,std_error,statistic,p_value,ci_low,ci_high,q_value,validated,frozen_estimate,frozen_q_value
gi_sd,4083,42,112,3358,333,392,woman_recording,lbfgs,True,False,False,,woman_recording_clean,fetal_movement_vs_baseline,"C(window_class, Treatment(reference=""baseline""))[T.fetal_movement]",-0.24600813979644118,0.04699111395721576,-5.235205533123251,1.6480137081787676e-07,-0.3381090307460015,-0.15390724884688084,2.1424178206323976e-06,True,-0.2087445358058103,0.0001938337699799
gi_sd,4083,42,112,3358,333,392,woman_recording,lbfgs,True,False,False,,woman_recording_clean,contraction_vs_baseline,"C(window_class, Treatment(reference=""baseline""))[T.contraction]",-0.13983870069267418,0.048549324307332026,-2.8803428819617047,0.00397242891916526,-0.23499362780879995,-0.0446837735765484,0.025820787974574187,True,-0.0411946623860907,0.506084919201963
gi_kurtosis,4083,42,112,3358,333,392,woman_recording,lbfgs,True,False,False,,woman_recording_clean,fetal_movement_vs_baseline,"C(window_class, Treatment(reference=""baseline""))[T.fetal_movement]",0.07840144201177646,0.056467785220864104,1.3884277859512746,0.16500682024609192,-0.03227338330786032,0.18907626733141325,0.19500806029083592,False,0.1836139408440729,0.0046835307686826
gi_kurtosis,4083,42,112,3358,333,392,woman_recording,lbfgs,True,False,False,,woman_recording_clean,contraction_vs_baseline,"C(window_class, Treatment(reference=""baseline""))[T.contraction]",-0.04115685679768616,0.058602309383282036,-0.7023077627965856,0.48248725317090146,-0.15601527259979261,0.0737015590044203,0.5907652431543989,False,0.0831146834131336,0.2648772459389429
gi_skewness,4083,42,112,3358,333,392,woman_only,bfgs,True,True,False,,woman_only_clean,fetal_movement_vs_baseline,"C(window_class, Treatment(reference=""baseline""))[T.fetal_movement]",0.11429864990410676,0.05486365124778742,2.0833219682715938,0.037221885611700846,0.006767869398077414,0.2218294304101361,0.0483884512952111,True,0.2191883267433636,0.0004492762352163
gi_skewness,4083,42,112,3358,333,392,woman_only,bfgs,True,True,False,,woman_only_clean,contraction_vs_baseline,"C(window_class, Treatment(reference=""baseline""))[T.contraction]",0.001955001361062574,0.057110846494658404,0.03423169994942074,0.9726923884432269,-0.10998020089506348,0.11389020361718864,0.9726923884432269,False,0.0772452226457857,0.2725334047455368
gi_average,4083,42,112,3358,333,392,woman_recording,lbfgs,True,False,False,,woman_recording_clean,fetal_movement_vs_baseline,"C(window_class, Treatment(reference=""baseline""))[T.fetal_movement]",-0.22345042825925054,0.04841894439207775,-4.614938038504847,3.93212609614914e-06,-0.31834981543717056,-0.12855104108133053,1.0223527849987764e-05,True,-0.2075902906935097,0.0003548505016509
gi_average,4083,42,112,3358,333,392,woman_recording,lbfgs,True,False,False,,woman_recording_clean,contraction_vs_baseline,"C(window_class, Treatment(reference=""baseline""))[T.contraction]",-0.11375370761660006,0.05002638930821362,-2.2738740330780445,0.022973561371289256,-0.2118036289372784,-0.015703786295921743,0.037268447403547254,True,-0.060173117688269,0.3301666148531219
gi_median,4083,42,112,3358,333,392,woman_recording,lbfgs,True,False,False,,woman_recording_clean,fetal_movement_vs_baseline,"C(window_class, Treatment(reference=""baseline""))[T.fetal_movement]",-0.1788532568218967,0.052623240047574175,-3.3987503745532193,0.0006769447069247169,-0.2819929120649479,-0.07571360157884548,0.0011000351487526648,True,-0.1536475523233914,0.0154643671342472
gi_median,4083,42,112,3358,333,392,woman_recording,lbfgs,True,False,False,,woman_recording_clean,contraction_vs_baseline,"C(window_class, Treatment(reference=""baseline""))[T.contraction]",-0.12636603339241617,0.05438545849432376,-2.3235261206008784,0.020150906108596472,-0.2329595733239887,-0.019772493460843643,0.037268447403547254,True,-0.0734805427431043,0.2806283147538194
gi_total,4083,42,112,3358,333,392,woman_recording,lbfgs,True,False,False,,woman_recording_clean,fetal_movement_vs_baseline,"C(window_class, Treatment(reference=""baseline""))[T.fetal_movement]",-0.20034020145561837,0.044631501436541654,-4.48876230929555,7.163817472615768e-06,-0.2878163368471877,-0.11286406606404904,1.5312457361651835e-05,True,0.0776619876173954,0.4591366191987612
gi_total,4083,42,112,3358,333,392,woman_recording,lbfgs,True,False,False,,woman_recording_clean,contraction_vs_baseline,"C(window_class, Treatment(reference=""baseline""))[T.contraction]",-0.11305481601976816,0.04609323122987448,-2.4527422574465505,0.014177188005733827,-0.203395889161399,-0.022713742878137322,0.037268447403547254,True,0.409178202443861,5.0190221252564e-11
gi_fixed_r_sampen,4083,42,112,3358,333,392,woman_recording,lbfgs,True,False,False,,woman_recording_clean,fetal_movement_vs_baseline,"C(window_class, Treatment(reference=""baseline""))[T.fetal_movement]",-0.23763141365634807,0.04908243293101228,-4.841475849217793,1.2887834116437676e-06,-0.33383121447473485,-0.14143161283796127,4.1885460878422445e-06,True,-0.2376314136563478,4.3818635995888434e-05
gi_fixed_r_sampen,4083,42,112,3358,333,392,woman_recording,lbfgs,True,False,False,,woman_recording_clean,contraction_vs_baseline,"C(window_class, Treatment(reference=""baseline""))[T.contraction]",-0.1154260299912786,0.05072329078942656,-2.2756021581971084,0.02286983205081304,-0.21484185311590692,-0.016010206866650292,0.037268447403547254,True,-0.1154260299912785,0.055810084658905
gigrid_auc,4083,42,112,3358,333,392,woman_recording,lbfgs,True,False,False,,woman_recording_clean,fetal_movement_vs_baseline,"C(window_class, Treatment(reference=""baseline""))[T.fetal_movement]",-0.20041884541967553,0.044949891426205174,-4.458717008220271,8.245169348581756e-06,-0.28851901372402344,-0.11231867711532763,1.5312457361651835e-05,True,,
gigrid_auc,4083,42,112,3358,333,392,woman_recording,lbfgs,True,False,False,,woman_recording_clean,contraction_vs_baseline,"C(window_class, Treatment(reference=""baseline""))[T.contraction]",-0.10348952672621053,0.04642471203912438,-2.2291904931794697,0.025801232817840407,-0.19448029031553737,-0.012498763136883709,0.037268447403547254,True,,
gigrid_slope,4083,42,112,3358,333,392,woman_recording,lbfgs,True,False,False,,woman_recording_clean,fetal_movement_vs_baseline,"C(window_class, Treatment(reference=""baseline""))[T.fetal_movement]",0.21874061391396474,0.045177211058765904,4.841835270208024,1.2864539337935057e-06,0.13019490731681893,0.30728632051111054,4.1885460878422445e-06,True,,
gigrid_slope,4083,42,112,3358,333,392,woman_recording,lbfgs,True,False,False,,woman_recording_clean,contraction_vs_baseline,"C(window_class, Treatment(reference=""baseline""))[T.contraction]",0.11193978879888711,0.04666091520534697,2.399005426838685,0.016439671046849017,0.02048607551072966,0.20339350208704454,0.037268447403547254,True,,
gigrid_centroid,4083,42,112,3358,333,392,woman_recording,lbfgs,True,False,False,,woman_recording_clean,fetal_movement_vs_baseline,"C(window_class, Treatment(reference=""baseline""))[T.fetal_movement]",0.1761211799415178,0.05386297645454729,3.2698003625948724,0.0010762341027609073,0.07055168599047618,0.2816906738925594,0.0015545603706546439,True,,
gigrid_centroid,4083,42,112,3358,333,392,woman_recording,lbfgs,True,False,False,,woman_recording_clean,contraction_vs_baseline,"C(window_class, Treatment(reference=""baseline""))[T.contraction]",0.19142627821277955,0.05564145445271034,3.4403536013867626,0.0005809546366781676,0.08237103143804146,0.3004815249875176,0.007552410276816178,True,,
gigrid_sd,4083,42,112,3358,333,392,woman_recording,lbfgs,True,False,False,,woman_recording_clean,fetal_movement_vs_baseline,"C(window_class, Treatment(reference=""baseline""))[T.fetal_movement]",-0.2246025328198496,0.04473607565044569,-5.0206132199620415,5.150678062726268e-07,-0.3122836299043824,-0.1369214357353168,3.347940740772074e-06,True,,
gigrid_sd,4083,42,112,3358,333,392,woman_recording,lbfgs,True,False,False,,woman_recording_clean,contraction_vs_baseline,"C(window_class, Treatment(reference=""baseline""))[T.contraction]",-0.11401340234879206,0.04620002062066817,-2.467821460187546,0.013593810278751499,-0.20456377885030952,-0.02346302584727461,0.037268447403547254,True,,
gigrid_kurtosis,4083,42,112,3358,333,392,woman_recording,bfgs,True,False,False,,woman_recording_clean,fetal_movement_vs_baseline,"C(window_class, Treatment(reference=""baseline""))[T.fetal_movement]",-0.012722863386318069,0.05459639292146142,-0.23303487108791776,0.8157343278615711,-0.11972982719818001,0.09428410042554386,0.8157343278615711,False,,
gigrid_kurtosis,4083,42,112,3358,333,392,woman_recording,bfgs,True,False,False,,woman_recording_clean,contraction_vs_baseline,"C(window_class, Treatment(reference=""baseline""))[T.contraction]",0.03418417426450699,0.05652284013858644,0.604785148458428,0.5453217629117529,-0.07659855671103738,0.14496690524005137,0.5907652431543989,False,,
gigrid_skewness,4083,42,112,3358,333,392,woman_recording,bfgs,True,False,False,,woman_recording_clean,fetal_movement_vs_baseline,"C(window_class, Treatment(reference=""baseline""))[T.fetal_movement]",0.032152840200762325,0.055187975108014514,0.5826059053232598,0.5601586291212359,-0.07601360339063912,0.14031928379216377,0.6068385148813389,False,,
gigrid_skewness,4083,42,112,3358,333,392,woman_recording,bfgs,True,False,False,,woman_recording_clean,contraction_vs_baseline,"C(window_class, Treatment(reference=""baseline""))[T.contraction]",0.03668983432345154,0.05720114905478867,0.6414177849523461,0.5212512809785175,-0.07542235769824163,0.1488020263451447,0.5907652431543989,False,,
