window_id,total_computed,total_frozen,total_abs_diff,total_match,average_computed,average_frozen,average_abs_diff,average_match,median_computed,median_frozen,median_abs_diff,median_match,sd_computed,sd_frozen,sd_abs_diff,sd_match,kurtosis_computed,kurtosis_frozen,kurtosis_abs_diff,kurtosis_match,skewness_computed,skewness_frozen,skewness_abs_diff,skewness_match
ice002_p_1of3|W60|382061-394061,4.300275060784205,4.300275060784205,0.0,True,0.06056725437724233,0.0605672543772423,2.7755575615628914e-17,True,0.007504421694907251,0.0075044216949072,5.117434254131581e-17,True,0.13041736553653596,0.1304173655365359,5.551115123125783e-17,True,8.986315432795891,8.986315432795891,0.0,True,3.0482493135143893,3.0482493135143893,0.0,True
ice002_p_1of3|W60|442061-454061,3.624899632524567,3.624899632524567,0.0,True,0.05178428046463667,0.0517842804646366,6.938893903907228e-17,True,0.0050674066208141084,0.0050674066208141,8.673617379884035e-18,True,0.11969045416665502,0.119690454166655,2.7755575615628914e-17,True,11.12024458989664,11.12024458989664,0.0,True,3.342408423270182,3.342408423270182,0.0,True
ice002_p_2of3|W60|530062-542062,2.8089163957984464,2.8089163957984464,0.0,True,0.03745221861064595,0.0374522186106459,5.551115123125783e-17,True,0.0025816800362349485,0.0025816800362349,4.85722573273506e-17,True,0.1019547990458049,0.1019547990458049,0.0,True,18.978648937310854,18.978648937310854,0.0,True,4.214198173253658,4.214198173253658,0.0,True
ice002_p_3of3|W60|451431-463431,3.659416102568133,3.659416102568133,0.0,True,0.03659416102568133,0.0365941610256813,3.469446951953614e-17,True,0.0013715799200539368,0.0013715799200539,3.686287386450715e-17,True,0.10542969331548437,0.1054296933154843,6.938893903907228e-17,True,19.872803936222827,19.872803936222827,0.0,True,4.319081633045144,4.319081633045144,0.0,True
ice002_p_3of3|W60|463431-475431,4.074401698198588,4.074401698198588,0.0,True,0.05157470504048845,0.0515747050404884,4.85722573273506e-17,True,0.003976589978479228,0.0039765899784792,2.862293735361732e-17,True,0.12070291403986105,0.120702914039861,5.551115123125783e-17,True,10.351657620746707,10.351657620746709,1.7763568394002505e-15,True,3.2587814021693124,3.2587814021693124,0.0,True
ice002_p_3of3|W60|600426-612426,5.504701097668936,5.504701097668936,0.0,True,0.05919033438353694,0.0591903343835369,4.163336342344337e-17,True,0.009203624038852344,0.0092036240388523,4.336808689942018e-17,True,0.12414387121581234,0.1241438712158123,4.163336342344337e-17,True,9.840744897407765,9.840744897407763,1.7763568394002505e-15,True,3.1096947737569125,3.1096947737569125,0.0,True
ice003_p_1of2|W60|269926-281926,3.4968755233859814,3.4968755233859814,0.0,True,0.052982962475545174,0.0529829624755451,7.632783294297951e-17,True,0.005580433808675667,0.0055804338086756,6.765421556309548e-17,True,0.12029547423929736,0.1202954742392973,5.551115123125783e-17,True,10.041371687841087,10.041371687841089,1.7763568394002505e-15,True,3.2118804797955165,3.2118804797955165,0.0,True
ice003_p_1of2|W60|353926-365926,4.553012378894211,4.553012378894211,0.0,True,0.05691265473617764,0.0569126547361776,4.163336342344337e-17,True,0.0067700361108074805,0.0067700361108074,8.066464163292153e-17,True,0.1254913374392803,0.1254913374392803,0.0,True,11.415814487606173,11.415814487606172,1.7763568394002505e-15,True,3.3159854947734875,3.3159854947734875,0.0,True
ice003_p_1of2|W60|605926-617926,2.057888142894298,2.057888142894298,0.0,True,0.05879680408269423,0.0587968040826942,2.7755575615628914e-17,True,0.0044901655932910005,0.004490165593291,8.673617379884035e-19,True,0.13221947897514336,0.1322194789751433,5.551115123125783e-17,True,9.187481449665754,9.187481449665754,0.0,True,3.088160405447485,3.088160405447485,0.0,True
ice003_p_2of2|W60|81820-93820,3.9157494407867106,3.9157494407867106,0.0,True,0.0430302136350188,0.0430302136350188,0.0,True,0.0029017419398461564,0.0029017419398461,5.637851296924623e-17,True,0.10839220490336972,0.1083922049033697,1.3877787807814457e-17,True,15.28579889964664,15.28579889964664,0.0,True,3.8064984424206236,3.806498442420624,4.440892098500626e-16,True
ice004_p_1of1|W60|363304-375304,2.1999159729746354,2.1999159729746354,0.0,True,0.06285474208498958,0.0628547420849895,6.938893903907228e-17,True,0.009232508858936327,0.0092325088589363,2.7755575615628914e-17,True,0.13122029861159032,0.1312202986115903,2.7755575615628914e-17,True,8.433557608966321,8.433557608966321,0.0,True,2.9661396862440412,2.9661396862440412,0.0,True
ice004_p_1of1|W60|717304-729304,3.8383568503381835,3.838356850338183,4.440892098500626e-16,True,0.045157139415743335,0.0451571394157433,3.469446951953614e-17,True,0.0023728648784248447,0.0023728648784248,4.466912950640278e-17,True,0.11686587072178997,0.1168658707217899,6.938893903907228e-17,True,13.68045302379722,13.68045302379722,0.0,True,3.6724546447773996,3.6724546447774,4.440892098500626e-16,True
ice004_p_1of1|W60|765304-777304,2.060123218762479,2.060123218762479,0.0,True,0.054213768914802084,0.054213768914802,8.326672684688674e-17,True,0.005374018369917805,0.0053740183699178,5.204170427930421e-18,True,0.12067404150865955,0.1206740415086595,5.551115123125783e-17,True,9.18339438359163,9.18339438359163,0.0,True,3.09672744236427,3.09672744236427,0.0,True
ice005_p_1of3|W60|147301-159301,3.90150751613949,3.90150751613949,0.0,True,0.041505399107866915,0.0415053991078669,1.3877787807814457e-17,True,0.003654009827445806,0.0036540098274458,6.071532165918825e-18,True,0.10385587939464662,0.1038558793946466,1.3877787807814457e-17,True,14.658307057589603,14.658307057589605,1.7763568394002505e-15,True,3.7652464654061006,3.7652464654061006,0.0,True
ice005_p_1of3|W60|456317-468317,4.010522873963609,4.010522873963609,0.0,True,0.03314481714019511,0.0331448171401951,1.3877787807814457e-17,True,0.0018702033722161667,0.0018702033722161,6.678685382510707e-17,True,0.1006774894757028,0.1006774894757028,0.0,True,24.399298105239794,24.399298105239794,0.0,True,4.740466935693078,4.740466935693078,0.0,True
ice005_p_2of3|W60|78078-90078,3.1617766942386463,3.1617766942386463,0.0,True,0.04160232492419271,0.0416023249241927,1.3877787807814457e-17,True,0.003061793277185491,0.0030617932771854,9.107298248878237e-17,True,0.10598493223968876,0.1059849322396887,5.551115123125783e-17,True,15.674561800315733,15.674561800315733,0.0,True,3.8652264279153012,3.865226427915301,4.440892098500626e-16,True
ice005_p_3of3|W60|3000-15000,3.965786847951838,3.965786847951838,0.0,True,0.06396430399922319,0.0639643039992231,9.71445146547012e-17,True,0.008060347897597683,0.0080603478975976,8.326672684688674e-17,True,0.1338356466841752,0.1338356466841752,0.0,True,8.077213686346802,8.077213686346802,0.0,True,2.912030162127754,2.912030162127754,0.0,True
ice005_p_3of3|W60|182120-194120,3.2128795705108257,3.2128795705108257,0.0,True,0.053547992841847095,0.053547992841847,9.71445146547012e-17,True,0.004903837637116154,0.0049038376371161,5.4643789493269423e-17,True,0.12465788710184988,0.1246578871018498,8.326672684688674e-17,True,11.42085264621198,11.42085264621198,0.0,True,3.371477618469691,3.371477618469691,0.0,True
ice006_p_1of2|W60|197004-209004,3.7537473869247395,3.753747386924739,4.440892098500626e-16,True,0.06471978253318517,0.0647197825331851,6.938893903907228e-17,True,0.00846655042684831,0.0084665504268483,1.0408340855860843e-17,True,0.1383760159049052,0.1383760159049052,0.0,True,9.387907834235287,9.387907834235287,0.0,True,3.0827819904816987,3.0827819904816987,0.0,True
ice007_p_1of3|W60|464523-476523,2.7009170345551645,2.7009170345551645,0.0,True,0.020156097272799735,0.0201560972727997,3.469446951953614e-17,True,0.001916367582503858,0.0019163675825038,5.811323644522304e-17,True,0.07269825211304087,0.0726982521130408,6.938893903907228e-17,True,43.21764654209623,43.21764654209623,0.0,True,6.247815358758337,6.247815358758337,0.0,True
ice007_p_2of3|W60|294809-306809,5.223360309437838,5.223360309437838,0.0,True,0.04663714561998069,0.0466371456199806,9.020562075079397e-17,True,0.0033112939329346357,0.0033112939329346,3.5561831257524545e-17,True,0.11440631598998624,0.1144063159899862,4.163336342344337e-17,True,15.258677638175566,15.258677638175566,0.0,True,3.751639579683832,3.751639579683832,0.0,True
ice007_p_2of3|W60|318809-330809,3.100074877775202,3.100074877775202,0.0,True,0.022794668218935308,0.0227946682189353,6.938893903907228e-18,True,0.0018465737459952066,0.0018465737459952,6.5052130349130266e-18,True,0.07046816348756389,0.0704681634875638,9.71445146547012e-17,True,35.897602682336306,35.897602682336306,0.0,True,5.572822882332089,5.572822882332089,0.0,True
ice007_p_3of3|W60|139010-151010,4.737916198273814,4.737916198273814,0.0,True,0.05206501316784411,0.0520650131678441,6.938893903907228e-18,True,0.005114171968899505,0.0051141719688995,4.336808689942018e-18,True,0.12641235034261836,0.1264123503426183,5.551115123125783e-17,True,14.77437459686443,14.77437459686443,0.0,True,3.724844995347643,3.724844995347643,0.0,True
ice007_p_3of3|W60|163010-175010,5.0589228456826465,5.0589228456826465,0.0,True,0.04959728280081026,0.0495972828008102,5.551115123125783e-17,True,0.0048898592277980026,0.004889859227798,2.6020852139652106e-18,True,0.11653848731592617,0.1165384873159261,6.938893903907228e-17,True,12.33424787262908,12.33424787262908,0.0,True,3.4659832176620644,3.4659832176620644,0.0,True
ice008_p_1of4|W60|150803-162803,4.300981311133519,4.300981311133519,0.0,True,0.06937066630860515,0.0693706663086051,5.551115123125783e-17,True,0.007524820978041573,0.0075248209780415,7.28583859910259e-17,True,0.14800039845636062,0.1480003984563606,2.7755575615628914e-17,True,8.298093603804599,8.298093603804599,0.0,True,2.9419483871195427,2.9419483871195427,0.0,True
ice008_p_2of4|W60|226811-238811,4.389829837863362,4.389829837863362,0.0,True,0.052259879022182876,0.0522598790221828,7.632783294297951e-17,True,0.006059031302217612,0.0060590313022176,1.214306433183765e-17,True,0.11998729820250832,0.1199872982025083,2.7755575615628914e-17,True,11.822339456924542,11.822339456924542,0.0,True,3.4065453849722136,3.4065453849722136,0.0,True
ice008_p_3of4|W60|97411-109411,16.220048560036254,16.220048560036254,0.0,True,0.03908445436153314,0.0390844543615331,4.163336342344337e-17,True,0.003530968763035456,0.0035309687630354,5.637851296924623e-17,True,0.10139514091995025,0.1013951409199502,5.551115123125783e-17,True,20.78193567104471,20.78193567104471,0.0,True,4.260945724980512,4.260945724980512,0.0,True
ice008_p_3of4|W60|204413-216413,7.794439253187486,7.794439253187486,0.0,True,0.043063200293853514,0.0430632002938535,1.3877787807814457e-17,True,0.0066021584693814386,0.0066021584693814,3.8163916471489756e-17,True,0.09196227655349218,0.0919622765534921,8.326672684688674e-17,True,12.672847998910873,12.672847998910871,1.7763568394002505e-15,True,3.3975320535453832,3.3975320535453832,0.0,True
ice008_p_3of4|W60|717450-729450,3.348831232589418,3.348831232589418,0.0,True,0.03488365867280644,0.0348836586728064,4.163336342344337e-17,True,0.0023766235373694666,0.0023766235373694,6.678685382510707e-17,True,0.09978157784502337,0.0997815778450233,6.938893903907228e-17,True,20.960564559031926,20.960564559031926,0.0,True,4.416580052757631,4.416580052757631,0.0,True
ice008_p_4of4|W60|729876-741876,3.219017793749278,3.219017793749278,0.0,True,0.017213998897054963,0.0172139988970549,6.245004513516506e-17,True,0.0016296679296539042,0.0016296679296539,4.119968255444917e-18,True,0.06967753658549179,0.0696775365854917,9.71445146547012e-17,True,50.48891215671321,50.48891215671321,0.0,True,6.752540276484717,6.752540276484717,0.0,True
ice009_p_1of2|W60|668127-680127,3.3562294605133274,3.3562294605133274,0.0,True,0.05786602518126426,0.0578660251812642,6.245004513516506e-17,True,0.005502253147018934,0.0055022531470189,3.382710778154774e-17,True,0.12675339357321572,0.1267533935732157,2.7755575615628914e-17,True,9.555834096039174,9.555834096039174,0.0,True,3.104167211019346,3.104167211019346,0.0,True
ice010_p_1of3|W60|375110-387110,3.953285035142705,3.953285035142705,0.0,True,0.06816008681280526,0.0681600868128052,5.551115123125783e-17,True,0.009509923969017918,0.0095099239690179,1.734723475976807e-17,True,0.1405237074885708,0.1405237074885708,0.0,True,7.9698073056749,7.9698073056749,0.0,True,2.8884311685484745,2.8884311685484745,0.0,True
ice010_p_2of3|W60|449253-461253,2.674212889648297,2.674212889648297,0.0,True,0.03428478063651663,0.0342847806365166,3.469446951953614e-17,True,0.001762583972474205,0.0017625839724742,4.9873299934333204e-18,True,0.10140520352451277,0.1014052035245127,6.938893903907228e-17,True,20.14971230843088,20.14971230843088,0.0,True,4.36433770885429,4.36433770885429,0.0,True
ice010_p_2of3|W60|479261-491261,2.6749120411668725,2.6749120411668725,0.0,True,0.04692828142398022,0.0469282814239802,2.0816681711721685e-17,True,0.0026849133348583005,0.0026849133348583,4.336808689942018e-19,True,0.12014672086903319,0.1201467208690331,9.71445146547012e-17,True,14.036495223539102,14.036495223539102,0.0,True,3.7010514302341453,3.7010514302341457,4.440892098500626e-16,True
ice010_p_3of3|W60|306912-318912,7.450539837185093,7.450539837185093,0.0,True,0.05478338115577274,0.0547833811557727,4.163336342344337e-17,True,0.003409533157276487,0.0034095331572764,8.716985466783456e-17,True,0.12915676895321118,0.1291567689532111,8.326672684688674e-17,True,11.036237739244703,11.036237739244704,1.7763568394002505e-15,True,3.31242764160147,3.31242764160147,0.0,True
ice011_p_1of3|W60|707079-719079,10.50206572706046,10.50206572706046,0.0,True,0.07095990356121933,0.0709599035612193,2.7755575615628914e-17,True,0.011181224972076086,0.011181224972076,8.673617379884035e-17,True,0.1474564822403292,0.1474564822403292,0.0,True,10.480923478171507,10.480923478171508,1.7763568394002505e-15,True,3.144131976299622,3.144131976299622,0.0,True
ice011_p_2of3|W60|3000-15000,4.366774791695286,4.366774791695286,0.0,True,0.06931388558246485,0.0693138855824648,4.163336342344337e-17,True,0.009142085520945987,0.0091420855209459,8.673617379884035e-17,True,0.14484049477819216,0.1448404947781921,5.551115123125783e-17,True,8.459981961467102,8.459981961467102,0.0,True,2.9509255677038024,2.9509255677038024,0.0,True
ice011_p_2of3|W60|206438-218438,2.007488188029865,2.007488188029865,0.0,True,0.05282863652710171,0.0528286365271017,6.938893903907228e-18,True,0.005333689960497989,0.0053336899604979,8.933825901280557e-17,True,0.12038549317737364,0.1203854931773736,4.163336342344337e-17,True,10.72807319781559,10.72807319781559,0.0,True,3.282113879253831,3.282113879253831,0.0,True
ice011_p_2of3|W60|386438-398438,3.55829752193793,3.55829752193793,0.0,True,0.04287105448117988,0.0428710544811798,7.632783294297951e-17,True,0.00410147029146001,0.00410147029146,1.0408340855860843e-17,True,0.10563859667103187,0.1056385966710318,6.938893903907228e-17,True,17.10930812877261,17.10930812877261,0.0,True,3.9617476465144232,3.9617476465144232,0.0,True
ice012_p_2of4|W60|657379-669379,6.351821103511709,6.351821103511709,0.0,True,0.04234547402341139,0.0423454740234113,9.020562075079397e-17,True,0.0038989891531824887,0.0038989891531824,8.847089727481716e-17,True,0.10995736486756419,0.1099573648675641,8.326672684688674e-17,True,17.988187949280128,17.988187949280128,0.0,True,4.092512766635704,4.092512766635704,0.0,True
ice012_p_3of4|W60|451696-463696,2.939608246814203,2.939608246814203,0.0,True,0.020134303060371252,0.0201343030603712,5.204170427930421e-17,True,0.0016841203589200225,0.00168412035892,2.2551405187698492e-17,True,0.07811371909635943,0.0781137190963594,2.7755575615628914e-17,True,42.30570531682156,42.30570531682156,0.0,True,6.214868446010076,6.214868446010076,0.0,True
ice012_p_3of4|W60|682754-694754,2.4366962157511396,2.4366962157511396,0.0,True,0.04061160359585233,0.0406116035958523,2.7755575615628914e-17,True,0.0032284813909423333,0.0032284813909423,3.3393426912553537e-17,True,0.10079495371410796,0.1007949537141079,5.551115123125783e-17,True,15.668091241479406,15.668091241479406,0.0,True,3.822326393823973,3.822326393823973,0.0,True
ice012_p_4of4|W60|214448-226448,2.204470520273547,2.204470520273547,0.0,True,0.020224500185995843,0.0202245001859958,4.163336342344337e-17,True,0.002111306863641686,0.0021113068636416,8.586881206085195e-17,True,0.06477968868027645,0.0647796886802764,4.163336342344337e-17,True,51.24100956547125,51.24100956547125,0.0,True,6.727958184815104,6.727958184815104,0.0,True
ice012_p_4of4|W60|573478-585478,8.352273078479964,8.352273078479964,0.0,True,0.03848973768884776,0.0384897376888477,6.245004513516506e-17,True,0.0021171941713377038,0.0021171941713377,3.903127820947816e-18,True,0.10379332736922664,0.1037933273692266,4.163336342344337e-17,True,18.839279906218987,18.839279906218987,0.0,True,4.118239891025591,4.118239891025591,0.0,True
ice012_p_4of4|W60|690517-702517,2.2682076869479983,2.2682076869479983,0.0,True,0.03436678313557573,0.0343667831355757,2.7755575615628914e-17,True,0.0018253099178804624,0.0018253099178804,6.245004513516506e-17,True,0.09471123277986207,0.094711232779862,6.938893903907228e-17,True,18.802652776669465,18.802652776669465,0.0,True,4.1912357884575195,4.1912357884575195,0.0,True
ice013_p_2of3|W60|156810-168810,1.942605306967799,1.942605306967799,0.0,True,0.0588668274838727,0.0588668274838727,0.0,True,0.006160267761416436,0.0061602677614164,3.5561831257524545e-17,True,0.12723183722615888,0.1272318372261588,8.326672684688674e-17,True,8.647144623718352,8.647144623718352,0.0,True,3.000255540347206,3.000255540347206,0.0,True
ice013_p_2of3|W60|216810-228810,3.0422317587660634,3.042231758766063,4.440892098500626e-16,True,0.04002936524692189,0.0400293652469218,9.020562075079397e-17,True,0.0022032450252096073,0.0022032450252096,7.37257477290143e-18,True,0.10915968467849031,0.1091596846784903,1.3877787807814457e-17,True,16.706122398148075,16.706122398148075,0.0,True,4.0069623023562135,4.0069623023562135,0.0,True
ice013_p_3of3|W60|88634-100634,3.4096205883392336,3.4096205883392336,0.0,True,0.04941479113535121,0.0494147911353512,6.938893903907228e-18,True,0.003877913201251464,0.0038779132012514,6.418476861114186e-17,True,0.1164836453108734,0.1164836453108734,0.0,True,12.876112166764395,12.876112166764395,0.0,True,3.504886355874136,3.504886355874136,0.0,True
ice013_p_3of3|W60|205661-217661,4.1047740634828545,4.1047740634828545,0.0,True,0.03364568904494143,0.0336456890449414,3.469446951953614e-17,True,0.0023539350627250597,0.002353935062725,5.984795992119984e-17,True,0.09422471066163435,0.0942247106616343,4.163336342344337e-17,True,21.60948309713018,21.60948309713018,0.0,True,4.446631910965963,4.446631910965963,0.0,True
ice013_p_3of3|W60|355735-367735,4.421188536194385,4.421188536194385,0.0,True,0.01707022600847253,0.0170702260084725,2.7755575615628914e-17,True,0.002224616214869126,0.0022246162148691,2.6020852139652106e-17,True,0.06747342314039843,0.0674734231403984,2.7755575615628914e-17,True,51.78463171846845,51.78463171846845,0.0,True,6.791944740128768,6.791944740128768,0.0,True
ice013_p_3of3|W60|421735-433735,6.576031635950317,6.576031635950317,0.0,True,0.02763038502500133,0.0276303850250013,3.122502256758253e-17,True,0.0022477797491258183,0.0022477797491258,1.8214596497756474e-17,True,0.08436700930195795,0.0843670093019579,5.551115123125783e-17,True,28.149152852569735,28.149152852569735,0.0,True,5.061763066337206,5.061763066337206,0.0,True
ice014_p_1of3|W60|316238-328238,2.3613185503536194,2.3613185503536194,0.0,True,0.039355309172560325,0.0393553091725603,2.7755575615628914e-17,True,0.002878687764519197,0.0028786877645191,9.71445146547012e-17,True,0.1047060816702782,0.1047060816702782,0.0,True,17.186928183466915,17.186928183466915,0.0,True,4.043393169323503,4.043393169323503,0.0,True
ice014_p_1of3|W60|629322-641322,4.710744030188204,4.710744030188204,0.0,True,0.07597974242239039,0.0759797424223903,8.326672684688674e-17,True,0.010039201122873112,0.0100392011228731,1.214306433183765e-17,True,0.1503944727852463,0.1503944727852463,0.0,True,6.5937786508212515,6.5937786508212515,0.0,True,2.664530705717124,2.664530705717124,0.0,True
ice014_p_1of3|W60|665322-677322,3.2690507455162896,3.2690507455162896,0.0,True,0.06955427118119765,0.0695542711811976,5.551115123125783e-17,True,0.008527526290461768,0.0085275262904617,6.765421556309548e-17,True,0.1420074961933467,0.1420074961933467,0.0,True,6.99930585587645,6.99930585587645,0.0,True,2.7502882309157144,2.7502882309157144,0.0,True
ice014_p_2of3|W60|508023-520023,1.7046566304113375,1.7046566304113375,0.0,True,0.047351573066981595,0.0473515730669815,9.71445146547012e-17,True,0.004122410916283148,0.0041224109162831,4.85722573273506e-17,True,0.11369662651993077,0.1136966265199307,6.938893903907228e-17,True,12.481832605593828,12.481832605593828,0.0,True,3.510361146368787,3.510361146368787,0.0,True
ice014_p_3of3|W60|369240-381240,2.7376751322491026,2.737675132249102,4.440892098500626e-16,True,0.031109944684648894,0.0311099446846488,9.367506770274758e-17,True,0.0018611459839754907,0.0018611459839754,9.063930161978817e-17,True,0.09183585286425372,0.0918358528642537,1.3877787807814457e-17,True,20.858107242141234,20.858107242141234,0.0,True,4.431757627267453,4.431757627267453,0.0,True
ice015_p_1of1|W60|491101-503101,3.219682932411447,3.219682932411447,0.0,True,0.04666207148422387,0.0466620714842238,6.938893903907228e-17,True,0.003930704251963247,0.0039307042519632,4.7704895589362195e-17,True,0.11177895403582476,0.1117789540358247,5.551115123125783e-17,True,13.544712791233287,13.544712791233287,0.0,True,3.6018371665330173,3.6018371665330173,0.0,True
ice016_l_1of1|W60|123000-135000,2.0543291691402494,2.0543291691402494,0.0,True,0.04370913125830318,0.0437091312583031,8.326672684688674e-17,True,0.0026126571675475162,0.0026126571675475,1.6046192152785466e-17,True,0.11144456277873692,0.1114445627787369,1.3877787807814457e-17,True,14.025818371903853,14.025818371903853,0.0,True,3.69452104212762,3.69452104212762,0.0,True
ice016_l_1of1|W60|171000-183000,1.9686101736089607,1.9686101736089607,0.0,True,0.053205680367809746,0.0532056803678097,4.85722573273506e-17,True,0.0040681070405889945,0.0040681070405889,9.454242944073599e-17,True,0.12512111760327727,0.1251211176032772,5.551115123125783e-17,True,10.766461163122566,10.766461163122566,0.0,True,3.305951354413871,3.305951354413871,0.0,True
ice016_l_1of1|W60|303000-315000,2.225269891211776,2.225269891211776,0.0,True,0.02617964577896207,0.026179645778962,6.938893903907228e-17,True,0.0021890523537455996,0.0021890523537455,9.974659986866641e-17,True,0.08708936457782762,0.0870893645778276,2.7755575615628914e-17,True,29.682887662539407,29.682887662539407,0.0,True,5.242708138119163,5.242708138119163,0.0,True
ice016_l_1of1|W60|327000-339000,3.407106176708868,3.407106176708868,0.0,True,0.03744072721658097,0.0374407272165809,6.938893903907228e-17,True,0.003412828160314393,0.0034128281603143,9.280770596475918e-17,True,0.09477666138651443,0.0947766613865144,2.7755575615628914e-17,True,17.975775228836127,17.975775228836127,0.0,True,4.077324730898108,4.077324730898108,0.0,True
ice017_p_3of3|W60|94899-106899,3.952110437362099,3.952110437362099,0.0,True,0.03800106189771249,0.0380010618977124,9.020562075079397e-17,True,0.002800418229063871,0.0028004182290638,7.112366251504909e-17,True,0.10325900175616923,0.1032590017561692,2.7755575615628914e-17,True,17.49296970299213,17.49296970299213,0.0,True,4.077930024249358,4.077930024249358,0.0,True
ice018_p_1of1|W60|419676-431676,3.859200371133995,3.859200371133995,0.0,True,0.04385454967197722,0.0438545496719772,1.3877787807814457e-17,True,0.00099583677944267,0.0009958367794426,7.003946034256359e-17,True,0.11785792769178853,0.1178579276917885,2.7755575615628914e-17,True,15.792430002711754,15.792430002711754,0.0,True,3.8858780845731364,3.885878084573136,4.440892098500626e-16,True
ice021_p_1of3|W60|343112-355112,4.863367922336602,4.863367922336602,0.0,True,0.040193123325095885,0.0401931233250958,8.326672684688674e-17,True,0.003762154097115534,0.0037621540971155,3.426078865054194e-17,True,0.09914578167238716,0.0991457816723871,5.551115123125783e-17,True,14.148654668516755,14.148654668516755,0.0,True,3.709620466691149,3.709620466691149,0.0,True
ice021_p_1of3|W60|391112-403112,3.474332771273843,3.474332771273843,0.0,True,0.021446498588110142,0.0214464985881101,4.163336342344337e-17,True,0.0023400619965603386,0.0023400619965603,3.859759734048396e-17,True,0.06551943945172445,0.0655194394517244,4.163336342344337e-17,True,39.04779795471483,39.04779795471483,0.0,True,5.832652368235485,5.832652368235485,0.0,True
ice021_p_2of3|W60|87000-99000,3.107075707956719,3.107075707956719,0.0,True,0.05862406996144753,0.0586240699614475,2.7755575615628914e-17,True,0.003718869599637835,0.0037188695996378,3.5128150388530344e-17,True,0.132865643563887,0.132865643563887,0.0,True,8.934165159163626,8.934165159163626,0.0,True,3.0611094054586854,3.061109405458686,4.440892098500626e-16,True
ice021_p_2of3|W60|444492-456492,3.8892356309735296,3.8892356309735296,0.0,True,0.05804829299960492,0.0580482929996049,2.0816681711721685e-17,True,0.0060107053845311655,0.0060107053845311,6.505213034913027e-17,True,0.13369235342540148,0.1336923534254014,8.326672684688674e-17,True,11.629462803091226,11.629462803091226,0.0,True,3.380715902316645,3.380715902316645,0.0,True
ice021_p_3of3|W60|3000-15000,3.5390160314545027,3.5390160314545027,0.0,True,0.05898360052424171,0.0589836005242417,6.938893903907228e-18,True,0.007468115483741325,0.0074681154837413,2.5153490401663703e-17,True,0.12904763566462857,0.1290476356646285,5.551115123125783e-17,True,10.404359576915756,10.404359576915756,0.0,True,3.215542308099582,3.215542308099582,0.0,True
ice021_p_3of3|W60|267000-279000,3.5065878666557597,3.5065878666557597,0.0,True,0.06493681234547703,0.064936812345477,2.7755575615628914e-17,True,0.00962461856597631,0.0096246185659763,1.0408340855860843e-17,True,0.13579326680756376,0.1357932668075637,5.551115123125783e-17,True,8.822551995443321,8.822551995443321,0.0,True,3.0066554728331014,3.0066554728331014,0.0,True
ice021_p_3of3|W60|668652-680652,2.987421708715728,2.987421708715728,0.0,True,0.062237952264911,0.062237952264911,0.0,True,0.007648060538474099,0.007648060538474,9.8879238130678e-17,True,0.1357379752634091,0.1357379752634091,0.0,True,9.723196635364479,9.72319663536448,1.7763568394002505e-15,True,3.1364136199740003,3.1364136199740003,0.0,True
ice022_p_1of1|W60|473303-485303,9.322309899166775,9.322309899166775,0.0,True,0.03225712767877777,0.0322571276787777,6.938893903907228e-17,True,0.0034110043637747556,0.0034110043637747,5.551115123125783e-17,True,0.08277016245106102,0.082770162451061,1.3877787807814457e-17,True,23.18898975072756,23.18898975072756,0.0,True,4.503057937026349,4.503057937026349,0.0,True
ice023_p_1of1|W60|3000-15000,4.879090954944878,4.879090954944878,0.0,True,0.06683686239650519,0.0668368623965051,8.326672684688674e-17,True,0.014499825766484724,0.0144998257664847,2.42861286636753e-17,True,0.13345728136821813,0.1334572813682181,2.7755575615628914e-17,True,8.637296255685024,8.637296255685024,0.0,True,2.9836761143601738,2.9836761143601738,0.0,True
ice023_p_1of1|W60|324443-336443,3.627273093933282,3.627273093933282,0.0,True,0.06363637006900494,0.0636363700690049,4.163336342344337e-17,True,0.008982699173940078,0.00898269917394,7.806255641895632e-17,True,0.13453371550883517,0.1345337155088351,5.551115123125783e-17,True,9.441507299775033,9.441507299775031,1.7763568394002505e-15,True,3.08182148681544,3.08182148681544,0.0,True
ice024_l_1of1|W60|246311-258311,4.686918865468714,4.686918865468714,0.0,True,0.05326044165305357,0.0532604416530535,6.938893903907228e-17,True,0.003975056767584925,0.0039750567675849,2.42861286636753e-17,True,0.12965604488765192,0.1296560448876519,2.7755575615628914e-17,True,13.347204445991757,13.347204445991755,1.7763568394002505e-15,True,3.573316024237377,3.573316024237377,0.0,True
ice025_l_1of1|W60|87000-99000,2.316926842476853,2.316926842476853,0.0,True,0.048269309218267775,0.0482693092182677,7.632783294297951e-17,True,0.004208774056234456,0.0042087740562344,5.551115123125783e-17,True,0.11626001038989213,0.1162600103898921,2.7755575615628914e-17,True,12.157878595206887,12.157878595206888,1.7763568394002505e-15,True,3.482257528997205,3.482257528997205,0.0,True
ice025_l_1of1|W60|123000-135000,2.7438673592418623,2.7438673592418623,0.0,True,0.04035099057708621,0.0403509905770862,6.938893903907228e-18,True,0.0035356590707883166,0.0035356590707883,1.6479873021779667e-17,True,0.10319668102634506,0.103196681026345,6.938893903907228e-17,True,16.85427903824416,16.85427903824416,0.0,True,3.9839847295634248,3.9839847295634248,0.0,True
ice025_l_1of1|W60|412436-424436,2.770653230889541,2.770653230889541,0.0,True,0.06023159197585959,0.0602315919758595,9.020562075079397e-17,True,0.006851438304485749,0.0068514383044857,4.85722573273506e-17,True,0.13193679943635933,0.1319367994363593,2.7755575615628914e-17,True,9.917125368902402,9.917125368902402,0.0,True,3.1584736673573657,3.1584736673573657,0.0,True
ice026_p_1of4|W60|15000-27000,3.6268308723332403,3.62683087233324,4.440892098500626e-16,True,0.05495198291414,0.05495198291414,0.0,True,0.004499719285591905,0.0044997192855919,5.204170427930421e-18,True,0.12715130098374167,0.1271513009837416,5.551115123125783e-17,True,10.25183751122571,10.25183751122571,0.0,True,3.23973051455079,3.23973051455079,0.0,True
ice026_p_1of4|W60|223054-235054,5.135591895778756,5.135591895778756,0.0,True,0.04891039900741672,0.0489103990074167,2.0816681711721685e-17,True,0.00436821692126196,0.0043682169212619,5.984795992119984e-17,True,0.11350233058511733,0.1135023305851173,2.7755575615628914e-17,True,11.420048462164779,11.42004846216478,1.7763568394002505e-15,True,3.3639908362176087,3.3639908362176087,0.0,True
ice026_p_1of4|W60|475099-487099,3.1556642072448353,3.1556642072448353,0.0,True,0.04930725323820055,0.0493072532382005,4.85722573273506e-17,True,0.003928378574322704,0.0039283785743227,3.469446951953614e-18,True,0.11827551577655213,0.1182755157765521,2.7755575615628914e-17,True,11.813724136710386,11.813724136710386,0.0,True,3.4326887901136276,3.4326887901136276,0.0,True
ice026_p_3of4|W60|275887-287887,2.7103823612284277,2.7103823612284277,0.0,True,0.0521227377159313,0.0521227377159313,0.0,True,0.004953241818466179,0.0049532418184661,7.892991815694472e-17,True,0.11801041501455857,0.1180104150145585,6.938893903907228e-17,True,10.902617132229743,10.902617132229745,1.7763568394002505e-15,True,3.2878462224671257,3.2878462224671257,0.0,True
ice026_p_3of4|W60|367805-379805,2.476179546415443,2.476179546415443,0.0,True,0.07074798704044122,0.0707479870404412,1.3877787807814457e-17,True,0.011106631470465592,0.0111066314704655,9.194034422677078e-17,True,0.14083861607538453,0.1408386160753845,2.7755575615628914e-17,True,6.755339526471355,6.755339526471355,0.0,True,2.7198450906767517,2.7198450906767517,0.0,True
ice026_p_3of4|W60|712832-724832,2.2814027002153927,2.2814027002153927,0.0,True,0.04387312885029601,0.043873128850296,1.3877787807814457e-17,True,0.0023260671360252087,0.0023260671360252,8.673617379884035e-18,True,0.1161717961414466,0.1161717961414466,0.0,True,15.33817007099531,15.33817007099531,0.0,True,3.8554804536237914,3.855480453623791,4.440892098500626e-16,True
ice026_p_4of4|W60|233864-245864,2.5672849411274625,2.5672849411274625,0.0,True,0.044263533467714875,0.0442635334677148,7.632783294297951e-17,True,0.002578806967691194,0.0025788069676911,9.410874857174178e-17,True,0.11043361277029225,0.1104336127702922,4.163336342344337e-17,True,12.746787193450611,12.746787193450611,0.0,True,3.5580748776975537,3.5580748776975537,0.0,True
ice026_p_4of4|W60|361884-373884,2.723644804674317,2.723644804674317,0.0,True,0.04539408007790528,0.0453940800779052,8.326672684688674e-17,True,0.003593542245928911,0.0035935422459289,1.0842021724855044e-17,True,0.11500871889086271,0.1150087188908627,1.3877787807814457e-17,True,14.530320177189498,14.530320177189498,0.0,True,3.7476071715600514,3.7476071715600514,0.0,True
ice026_p_4of4|W60|481884-493884,2.6672106446652357,2.6672106446652357,0.0,True,0.02931000708423336,0.0293100070842333,5.898059818321144e-17,True,0.003233789883216922,0.0032337898832169,2.168404344971009e-17,True,0.08462894004646672,0.0846289400464667,1.3877787807814457e-17,True,26.43384042209358,26.43384042209358,0.0,True,4.88633766121179,4.88633766121179,0.0,True
ice026_p_4of4|W60|623822-635822,1.4485916907387255,1.4485916907387255,0.0,True,0.04526849033558517,0.0452684903355851,6.938893903907228e-17,True,0.0032835382516493384,0.0032835382516493,3.859759734048396e-17,True,0.10903535334689272,0.1090353533468927,2.7755575615628914e-17,True,11.547833716754939,11.54783371675494,1.7763568394002505e-15,True,3.4088557329306153,3.4088557329306153,0.0,True
ice027_p_2of7|W60|337824-349824,2.7882972364032828,2.7882972364032828,0.0,True,0.04570979076070955,0.0457097907607095,4.85722573273506e-17,True,0.0032398857064179377,0.0032398857064179,3.7730235602495554e-17,True,0.11448874825950883,0.1144887482595088,2.7755575615628914e-17,True,13.55189528739892,13.55189528739892,0.0,True,3.633120646461313,3.633120646461313,0.0,True
ice027_p_2of7|W60|433824-445824,3.465790091312365,3.465790091312365,0.0,True,0.052511971080490376,0.0525119710804903,7.632783294297951e-17,True,0.0032021602225468437,0.0032021602225468,4.380176776841438e-17,True,0.12849568665581595,0.1284956866558159,5.551115123125783e-17,True,11.834528854406742,11.834528854406742,0.0,True,3.431581386720714,3.431581386720714,0.0,True
ice027_p_2of7|W60|553824-565824,3.671411194495117,3.671411194495117,0.0,True,0.05244873134993024,0.0524487313499302,4.163336342344337e-17,True,0.0039538652922696624,0.0039538652922696,6.245004513516506e-17,True,0.12315571838939304,0.123155718389393,4.163336342344337e-17,True,12.046187227027094,12.046187227027094,0.0,True,3.442243720153678,3.442243720153678,0.0,True
ice027_p_2of7|W60|577824-589824,3.7173058574781432,3.7173058574781432,0.0,True,0.05023386293889383,0.0502338629388938,2.7755575615628914e-17,True,0.002978553914772983,0.0029785539147729,8.326672684688674e-17,True,0.1233622815527013,0.1233622815527013,0.0,True,12.984350668455535,12.984350668455535,0.0,True,3.5572803846786383,3.5572803846786383,0.0,True
ice027_p_4of7|W60|63000-75000,4.136097161015732,4.136097161015732,0.0,True,0.06893495268359554,0.0689349526835955,4.163336342344337e-17,True,0.010603692539402309,0.0106036925394023,8.673617379884035e-18,True,0.14269194981264055,0.1426919498126405,5.551115123125783e-17,True,8.64937944348481,8.64937944348481,0.0,True,2.9771626674731606,2.9771626674731606,0.0,True
ice027_p_4of7|W60|171000-183000,3.997639250137938,3.997639250137938,0.0,True,0.06345459127203076,0.0634545912720307,6.938893903907228e-17,True,0.006712864923872113,0.0067128649238721,1.3010426069826053e-17,True,0.13977428428419555,0.1397742842841955,5.551115123125783e-17,True,9.910898791765584,9.910898791765584,0.0,True,3.154668316855314,3.154668316855314,0.0,True
ice027_p_4of7|W60|644868-656868,4.468741286465902,4.468741286465902,0.0,True,0.0732580538764902,0.0732580538764902,0.0,True,0.010921001567701852,0.0109210015677018,5.204170427930421e-17,True,0.1499081480218635,0.1499081480218635,0.0,True,8.71584980952688,8.71584980952688,0.0,True,2.962491846431624,2.962491846431624,0.0,True
ice027_p_5of7|W60|261053-273053,5.001033889234196,5.001033889234196,0.0,True,0.05264246199193891,0.0526424619919389,6.938893903907228e-18,True,0.0063700174264055805,0.0063700174264055,8.066464163292153e-17,True,0.11959976523048885,0.1195997652304888,4.163336342344337e-17,True,12.150296416472381,12.15029641647238,1.7763568394002505e-15,True,3.427220709666399,3.427220709666399,0.0,True
ice027_p_5of7|W60|405053-417053,3.8186789877974165,3.818678987797417,4.440892098500626e-16,True,0.05699520877309577,0.0569952087730957,6.938893903907228e-17,True,0.006191198263497934,0.0061911982634979,3.382710778154774e-17,True,0.12647368548692076,0.1264736854869207,5.551115123125783e-17,True,10.433297441910275,10.433297441910277,1.7763568394002505e-15,True,3.22078421013647,3.22078421013647,0.0,True
ice027_p_5of7|W60|489053-501053,3.3981534238907316,3.3981534238907316,0.0,True,0.06292876710908762,0.0629287671090876,2.7755575615628914e-17,True,0.008175080251556083,0.008175080251556,8.326672684688674e-17,True,0.1344554933007233,0.1344554933007233,0.0,True,8.590190836976372,8.590190836976372,0.0,True,3.0009345164359242,3.000934516435924,4.440892098500626e-16,True
ice027_p_5of7|W60|669076-681076,2.825800893292683,2.825800893292683,0.0,True,0.05651601786585366,0.0565160178658536,6.245004513516506e-17,True,0.0052754012444688,0.0052754012444688,0.0,True,0.12855841265631618,0.1285584126563161,8.326672684688674e-17,True,10.368057104685688,10.368057104685688,0.0,True,3.241828545046495,3.241828545046495,0.0,True
ice027_p_6of7|W60|463255-475255,3.2284867731255247,3.2284867731255247,0.0,True,0.05124582179564325,0.0512458217956432,4.85722573273506e-17,True,0.002618684138189082,0.002618684138189,8.196568423990414e-17,True,0.13071332065157143,0.1307133206515714,2.7755575615628914e-17,True,13.373593032353607,13.373593032353607,0.0,True,3.6178950023650835,3.617895002365083,4.440892098500626e-16,True
ice027_p_6of7|W60|599268-611268,3.575570155487549,3.575570155487549,0.0,True,0.07010921873504998,0.0701092187350499,8.326672684688674e-17,True,0.011096987763457243,0.0110969877634572,4.336808689942018e-17,True,0.14339453957231502,0.143394539572315,2.7755575615628914e-17,True,8.069681567013513,8.069681567013513,0.0,True,2.9018323078380956,2.9018323078380956,0.0,True
ice027_p_6of7|W60|647268-659268,2.656811363379847,2.656811363379847,0.0,True,0.03125660427505702,0.031256604275057,2.0816681711721685e-17,True,0.002034159565396012,0.002034159565396,1.1709383462843448e-17,True,0.0937973826364428,0.0937973826364428,0.0,True,24.283706851940778,24.283706851940774,3.552713678800501e-15,True,4.731793608334134,4.731793608334134,0.0,True
ice027_p_6of7|W60|695268-707268,4.946477339526137,4.946477339526137,0.0,True,0.07851551332581169,0.0785155133258116,9.71445146547012e-17,True,0.009651743903684753,0.0096517439036847,5.204170427930421e-17,True,0.15859426068952373,0.1585942606895237,2.7755575615628914e-17,True,7.632653415528155,7.632653415528155,0.0,True,2.7965480323784373,2.7965480323784373,0.0,True
ice028_p_2of3|W60|332872-344872,2.0347033346931465,2.0347033346931465,0.0,True,0.059844215726269016,0.059844215726269,1.3877787807814457e-17,True,0.006839152481183444,0.0068391524811834,4.423544863740858e-17,True,0.13020920720576762,0.1302092072057676,2.7755575615628914e-17,True,9.049081860732276,9.049081860732276,0.0,True,3.0584421136154303,3.0584421136154303,0.0,True
ice028_p_2of3|W60|694705-706705,4.445903699663458,4.445903699663458,0.0,True,0.03736053529128956,0.0373605352912895,6.245004513516506e-17,True,0.003225493741440242,0.0032254937414402,4.206704429243757e-17,True,0.09526944946585739,0.0952694494658573,8.326672684688674e-17,True,17.70610033987413,17.70610033987413,0.0,True,4.054314001649088,4.054314001649088,0.0,True
ice029_p_1of2|W60|63000-75000,2.5486282832043514,2.5486282832043514,0.0,True,0.03398171044272469,0.0339817104427246,9.020562075079397e-17,True,0.001649814029878092,0.001649814029878,9.215718466126788e-17,True,0.10226514914686453,0.1022651491468645,2.7755575615628914e-17,True,20.02258453180731,20.02258453180731,0.0,True,4.364291626851272,4.364291626851272,0.0,True
ice029_p_1of2|W60|313062-325062,1.698537545788782,1.698537545788782,0.0,True,0.05857026019961317,0.0585702601996131,6.938893903907228e-17,True,0.00754061265061062,0.0075406126506106,2.0816681711721685e-17,True,0.1278942609548079,0.1278942609548079,0.0,True,9.587542132150931,9.587542132150933,1.7763568394002505e-15,True,3.1329511837690824,3.1329511837690824,0.0,True
ice029_p_1of2|W60|694085-706085,2.9653945640852593,2.9653945640852593,0.0,True,0.03572764535042481,0.0357276453504248,6.938893903907228e-18,True,0.0028648115519517054,0.0028648115519517,5.204170427930421e-18,True,0.09665417522223137,0.0966541752222313,6.938893903907228e-17,True,21.18641578679102,21.18641578679102,0.0,True,4.397660846754808,4.397660846754808,0.0,True
ice030_p_2of4|W60|300241-312241,4.481862865902818,4.481862865902818,0.0,True,0.07002910727973154,0.0700291072797315,4.163336342344337e-17,True,0.013213270821960221,0.0132132708219602,2.0816681711721685e-17,True,0.13609379588355858,0.1360937958835585,8.326672684688674e-17,True,7.367664264502338,7.367664264502338,0.0,True,2.7836520966819776,2.7836520966819776,0.0,True
ice030_p_3of4|W60|253489-265489,3.7401696110415177,3.7401696110415177,0.0,True,0.06561701072002663,0.0656170107200266,2.7755575615628914e-17,True,0.009524693113698225,0.0095246931136982,2.6020852139652106e-17,True,0.13871190890198182,0.1387119089019818,2.7755575615628914e-17,True,9.259183568089574,9.259183568089574,0.0,True,3.0641166263708652,3.0641166263708652,0.0,True
ice030_p_3of4|W60|586410-598410,3.7324359540923466,3.732435954092346,4.440892098500626e-16,True,0.06326162634054824,0.0632616263405482,4.163336342344337e-17,True,0.010082175429749679,0.0100821754297496,7.979727989493313e-17,True,0.13371658505457068,0.1337165850545706,8.326672684688674e-17,True,9.439071413335142,9.439071413335142,0.0,True,3.094602312341273,3.094602312341273,0.0,True
ice031_p_1of3|W60|15000-27000,3.049858379925646,3.049858379925646,0.0,True,0.04177888191678967,0.0417788819167896,6.938893903907228e-17,True,0.0023381960554013834,0.0023381960554013,8.326672684688674e-17,True,0.11064283705821658,0.1106428370582165,8.326672684688674e-17,True,15.147604835724131,15.147604835724133,1.7763568394002505e-15,True,3.834340269690109,3.834340269690109,0.0,True
ice031_p_1of3|W60|180092-192092,2.0815950381457995,2.0815950381457995,0.0,True,0.047308978139677264,0.0473089781396772,6.245004513516506e-17,True,0.003877009059959075,0.003877009059959,7.502679033599691e-17,True,0.11476105166253954,0.1147610516625395,4.163336342344337e-17,True,12.924662113167587,12.924662113167589,1.7763568394002505e-15,True,3.557016715138943,3.557016715138943,0.0,True
ice031_p_2of3|W60|90084-102084,3.43163896713502,3.43163896713502,0.0,True,0.043995371373525896,0.0439953713735258,9.71445146547012e-17,True,0.0028697990655076845,0.0028697990655076,8.456776945386935e-17,True,0.11360093876153332,0.1136009387615333,2.7755575615628914e-17,True,15.049458985716782,15.049458985716782,0.0,True,3.812213847815846,3.812213847815846,0.0,True
ice031_p_2of3|W60|618083-630083,2.241706668797443,2.241706668797443,0.0,True,0.05899228075782745,0.0589922807578274,4.85722573273506e-17,True,0.006077055738161105,0.0060770557381611,4.336808689942018e-18,True,0.13247783213527325,0.1324778321352732,5.551115123125783e-17,True,9.845220996710076,9.845220996710076,0.0,True,3.1756516860206356,3.1756516860206356,0.0,True
ice032_p_2of5|W60|264023-276023,5.868038558451414,5.868038558451414,0.0,True,0.06309718880055284,0.0630971888005528,4.163336342344337e-17,True,0.008599343307014186,0.0085993433070141,8.500145032286355e-17,True,0.13564987661124447,0.1356498766112444,8.326672684688674e-17,True,9.556428930016324,9.556428930016324,0.0,True,3.1105457280574664,3.1105457280574664,0.0,True
ice032_p_3of5|W60|192046-204046,4.957884131117405,4.957884131117405,0.0,True,0.06982935395940007,0.0698293539594,6.938893903907228e-17,True,0.009819059792591674,0.0098190597925916,7.45931094670027e-17,True,0.14350890537767613,0.1435089053776761,2.7755575615628914e-17,True,7.895283822506839,7.895283822506839,0.0,True,2.8714522248154184,2.8714522248154184,0.0,True
ice032_p_3of5|W60|372038-384038,6.100683816624681,6.100683816624681,0.0,True,0.06490089166622001,0.06490089166622,1.3877787807814457e-17,True,0.010206294926675793,0.0102062949266757,9.367506770274758e-17,True,0.13757983641684243,0.1375798364168424,2.7755575615628914e-17,True,9.982778166451904,9.982778166451904,0.0,True,3.145198642087523,3.145198642087523,0.0,True
ice032_p_3of5|W60|576094-588094,3.4256149856842404,3.4256149856842404,0.0,True,0.06716892128792629,0.0671689212879262,8.326672684688674e-17,True,0.010164194695974332,0.0101641946959743,3.122502256758253e-17,True,0.13968077688611588,0.1396807768861158,8.326672684688674e-17,True,8.588758404095957,8.588758404095957,0.0,True,2.9784950973515496,2.9784950973515496,0.0,True
ice032_p_4of5|W60|198085-210085,7.390298832065445,7.390298832065445,0.0,True,0.050274141714730915,0.0502741417147309,1.3877787807814457e-17,True,0.0043872023263645575,0.0043872023263645,5.724587470723463e-17,True,0.12055895728179207,0.120558957281792,6.938893903907228e-17,True,15.783101203221637,15.783101203221635,1.7763568394002505e-15,True,3.7910863354942843,3.791086335494284,4.440892098500626e-16,True
ice032_p_5of5|W60|15000-27000,2.4914543686985686,2.4914543686985686,0.0,True,0.06556458864996233,0.0655645886499623,2.7755575615628914e-17,True,0.009015335584760281,0.0090153355847602,8.153200337090993e-17,True,0.13398628685887737,0.1339862868588773,5.551115123125783e-17,True,7.80950503117538,7.80950503117538,0.0,True,2.8585836061227115,2.8585836061227115,0.0,True
ice032_p_5of5|W60|432043-444043,3.04689692728366,3.04689692728366,0.0,True,0.04547607354154716,0.0454760735415471,6.245004513516506e-17,True,0.003787621269726364,0.0037876212697263,6.418476861114186e-17,True,0.11139560569258787,0.1113956056925878,6.938893903907228e-17,True,13.15186881564625,13.15186881564625,0.0,True,3.5977653372422234,3.5977653372422234,0.0,True
ice032_p_5of5|W60|624093-636093,3.3900001969070654,3.3900001969070654,0.0,True,0.03198113393308552,0.0319811339330855,2.0816681711721685e-17,True,0.002323417448256077,0.002323417448256,7.719519468096792e-17,True,0.092529269002935,0.092529269002935,0.0,True,22.760116514126285,22.760116514126285,0.0,True,4.601116696330097,4.601116696330097,0.0,True
ice032_p_5of5|W60|648093-660093,3.8290426594246,3.8290426594246,0.0,True,0.0524526391702,0.0524526391702,0.0,True,0.0048055025634371525,0.0048055025634371,5.2909066017292616e-17,True,0.12463460182560072,0.1246346018256007,2.7755575615628914e-17,True,13.011598072150129,13.011598072150129,0.0,True,3.5533756635059817,3.5533756635059817,0.0,True
ice033_p_1of1|W60|114006-126006,2.950947669210815,2.950947669210815,0.0,True,0.03073903822094599,0.0307390382209459,9.020562075079397e-17,True,0.002137495668132142,0.0021374956681321,4.206704429243757e-17,True,0.08522388451714702,0.085223884517147,1.3877787807814457e-17,True,23.504197663499717,23.504197663499717,0.0,True,4.582969406050589,4.582969406050589,0.0,True
ice034_p_2of5|W60|159000-171000,2.0599396453680527,2.0599396453680527,0.0,True,0.05024243037483055,0.0502424303748305,5.551115123125783e-17,True,0.004348401565835254,0.0043484015658352,5.377642775528102e-17,True,0.11917362541717623,0.1191736254171762,2.7755575615628914e-17,True,11.226082446487391,11.226082446487393,1.7763568394002505e-15,True,3.3681378275646336,3.3681378275646336,0.0,True
ice034_p_2of5|W60|234051-246051,2.6143031890428783,2.6143031890428783,0.0,True,0.056832678022671265,0.0568326780226712,6.245004513516506e-17,True,0.006590587808849255,0.0065905878088492,5.551115123125783e-17,True,0.11752822855359871,0.1175282285535987,1.3877787807814457e-17,True,7.156552642986151,7.156552642986151,0.0,True,2.788578920193908,2.788578920193908,0.0,True
ice034_p_2of5|W60|420063-432063,2.2039133448256054,2.2039133448256054,0.0,True,0.053753984020136716,0.0537539840201367,1.3877787807814457e-17,True,0.003962496665928215,0.0039624966659282,1.474514954580286e-17,True,0.128128996388609,0.128128996388609,0.0,True,11.260531283405516,11.260531283405516,0.0,True,3.362275083159329,3.362275083159329,0.0,True
ice034_p_3of5|W60|228073-240073,6.574263883481051,6.574263883481051,0.0,True,0.06920277772085318,0.0692027777208531,6.938893903907228e-17,True,0.006835108484345903,0.0068351084843459,3.469446951953614e-18,True,0.14941312161970347,0.1494131216197034,5.551115123125783e-17,True,8.89609542485585,8.89609542485585,0.0,True,3.0062745965091757,3.0062745965091757,0.0,True
ice034_p_3of5|W60|306048-318048,6.632343364942482,6.632343364942482,0.0,True,0.07452071196564587,0.0745207119656458,6.938893903907228e-17,True,0.011264091778130533,0.0112640917781305,3.2959746043559335e-17,True,0.15143414406455896,0.1514341440645589,5.551115123125783e-17,True,8.184872530458907,8.184872530458907,0.0,True,2.889624027048491,2.889624027048491,0.0,True
ice034_p_4of5|W60|240016-252016,2.8585886611092586,2.8585886611092586,0.0,True,0.058338544104270584,0.0583385441042705,8.326672684688674e-17,True,0.006050208025764066,0.006050208025764,6.591949208711867e-17,True,0.12757744102191984,0.1275774410219198,2.7755575615628914e-17,True,9.477288413755723,9.477288413755725,1.7763568394002505e-15,True,3.0955872168526946,3.0955872168526946,0.0,True
ice035_p_1of3|W60|456083-468083,1.3247174565775737,1.3247174565775737,0.0,True,0.06308178364655112,0.0630817836465511,1.3877787807814457e-17,True,0.008786245492902706,0.0087862454929027,6.938893903907228e-18,True,0.13125199169889468,0.1312519916988946,8.326672684688674e-17,True,8.002132947604368,8.002132947604368,0.0,True,2.923239319018932,2.923239319018932,0.0,True
ice035_p_2of3|W60|96043-108043,2.2981607107933746,2.2981607107933746,0.0,True,0.06759296208215808,0.067592962082158,8.326672684688674e-17,True,0.008591661737880982,0.0085916617378809,8.326672684688674e-17,True,0.14084192179048213,0.1408419217904821,2.7755575615628914e-17,True,7.80548539580384,7.80548539580384,0.0,True,2.8765444779802607,2.8765444779802607,0.0,True
ice035_p_2of3|W60|528051-540051,3.9916765082871675,3.991676508287167,4.440892098500626e-16,True,0.06047994709526011,0.0604799470952601,1.3877787807814457e-17,True,0.009487094827160996,0.0094870948271609,9.540979117872439e-17,True,0.12575702508983946,0.1257570250898394,5.551115123125783e-17,True,8.609045889106998,8.609045889106998,0.0,True,2.9854733701587226,2.9854733701587226,0.0,True
ice035_p_2of3|W60|708094-720094,3.593193837128814,3.593193837128814,0.0,True,0.05362975876311663,0.0536297587631166,3.469446951953614e-17,True,0.007251234799566783,0.0072512347995667,8.326672684688674e-17,True,0.1179393003774977,0.1179393003774977,0.0,True,11.823073251458565,11.823073251458563,1.7763568394002505e-15,True,3.375942022584036,3.375942022584036,0.0,True
ice035_p_3of3|W60|75000-87000,3.686014884007394,3.686014884007394,0.0,True,0.05670792129242145,0.0567079212924214,4.85722573273506e-17,True,0.005002365459719285,0.0050023654597192,8.500145032286355e-17,True,0.12850567486858758,0.1285056748685875,8.326672684688674e-17,True,10.376805154120278,10.376805154120278,0.0,True,3.227221272925454,3.227221272925454,0.0,True
ice035_p_3of3|W60|411000-423000,2.925514466566386,2.925514466566386,0.0,True,0.04571116354009978,0.0457111635400997,8.326672684688674e-17,True,0.0025185770417889336,0.0025185770417889,3.3393426912553537e-17,True,0.11714061296468804,0.117140612964688,4.163336342344337e-17,True,13.891073650860097,13.891073650860095,1.7763568394002505e-15,True,3.6908244383221236,3.690824438322123,4.440892098500626e-16,True
ice036_p_1of6|W60|336018-348018,1.7822731994740548,1.7822731994740548,0.0,True,0.04690192630194881,0.0469019263019488,6.938893903907228e-18,True,0.0033003432098932814,0.0033003432098932,8.153200337090993e-17,True,0.11200355913870697,0.1120035591387069,6.938893903907228e-17,True,11.664394436131557,11.664394436131555,1.7763568394002505e-15,True,3.4102871667637737,3.4102871667637737,0.0,True
ice036_p_1of6|W60|432018-444018,2.4095825565964017,2.4095825565964017,0.0,True,0.05737101325229528,0.0573710132522952,8.326672684688674e-17,True,0.009650341454912628,0.0096503414549126,2.7755575615628914e-17,True,0.12212452138085772,0.1221245213808577,1.3877787807814457e-17,True,11.240384922170538,11.240384922170538,0.0,True,3.3112542746769997,3.3112542746769997,0.0,True
ice036_p_1of6|W60|468018-480018,1.8651570531284427,1.8651570531284427,0.0,True,0.0414479345139654,0.0414479345139654,0.0,True,0.0024672146868143147,0.0024672146868143,1.474514954580286e-17,True,0.10987134704558935,0.1098713470455893,4.163336342344337e-17,True,15.242067678572788,15.242067678572788,0.0,True,3.850301240170047,3.850301240170047,0.0,True
ice036_p_1of6|W60|696083-708083,2.4967714271097914,2.4967714271097914,0.0,True,0.04993542854219583,0.0499354285421958,2.7755575615628914e-17,True,0.004266839258925656,0.0042668392589256,5.551115123125783e-17,True,0.11802017880882598,0.1180201788088259,8.326672684688674e-17,True,11.630834683655616,11.630834683655616,0.0,True,3.405783853096924,3.405783853096924,0.0,True
ice036_p_3of6|W60|39000-51000,5.363430648228696,5.363430648228696,0.0,True,0.06164862814055972,0.0616486281405597,2.0816681711721685e-17,True,0.006157777007539301,0.0061577770075393,1.734723475976807e-18,True,0.13693997578837774,0.1369399757883777,5.551115123125783e-17,True,10.769529291043686,10.769529291043686,0.0,True,3.24504203474444,3.24504203474444,0.0,True
ice036_p_3of6|W60|726021-738021,5.093462919882889,5.093462919882889,0.0,True,0.06530080666516525,0.0653008066651652,4.163336342344337e-17,True,0.007234993291857297,0.0072349932918572,9.71445146547012e-17,True,0.1424258155040761,0.1424258155040761,0.0,True,9.963603237539356,9.963603237539356,0.0,True,3.1394966514596883,3.1394966514596883,0.0,True
ice036_p_3of6|W60|756021-768021,5.9495272734057885,5.9495272734057885,0.0,True,0.04311251647395499,0.0431125164739549,9.020562075079397e-17,True,0.004025858459575108,0.0040258584595751,7.806255641895632e-18,True,0.10757631696524267,0.1075763169652426,6.938893903907228e-17,True,16.547401985377068,16.547401985377068,0.0,True,3.904387364558368,3.904387364558368,0.0,True
ice036_p_4of6|W60|456038-468038,3.155899134937146,3.155899134937146,0.0,True,0.025450799475299567,0.0254507994752995,6.591949208711867e-17,True,0.0016902290649193174,0.0016902290649193,1.734723475976807e-17,True,0.08767554060522263,0.0876755406052226,2.7755575615628914e-17,True,31.059139308552055,31.059139308552055,0.0,True,5.351901049067356,5.351901049067356,0.0,True
ice036_p_4of6|W60|468038-480038,2.720512751500075,2.720512751500075,0.0,True,0.053343387284315195,0.0533433872843151,9.71445146547012e-17,True,0.0028110746869583723,0.0028110746869583,7.24247051220317e-17,True,0.1265517737655343,0.1265517737655343,0.0,True,10.378941395727127,10.378941395727129,1.7763568394002505e-15,True,3.2616261558824973,3.2616261558824973,0.0,True
ice036_p_5of6|W60|3000-15000,2.5573683912885237,2.5573683912885237,0.0,True,0.043345226970991926,0.0433452269709919,2.7755575615628914e-17,True,0.002073266503922149,0.0020732665039221,4.90059381963448e-17,True,0.1109660684972665,0.1109660684972665,0.0,True,13.241207499461026,13.241207499461026,0.0,True,3.6224376880721803,3.62243768807218,4.440892098500626e-16,True
ice036_p_5of6|W60|87000-99000,3.938332219247003,3.938332219247003,0.0,True,0.05967170029162126,0.0596717002916212,6.245004513516506e-17,True,0.006824559043771332,0.0068245590437713,3.209238430557093e-17,True,0.12821534418379965,0.1282153441837996,5.551115123125783e-17,True,9.090269549696995,9.090269549696997,1.7763568394002505e-15,True,3.049090168626631,3.049090168626631,0.0,True
ice036_p_5of6|W60|183000-195000,3.844022314009839,3.844022314009839,0.0,True,0.08008379820853831,0.0800837982085383,1.3877787807814457e-17,True,0.01697817511549907,0.016978175115499,6.938893903907228e-17,True,0.1479549505503325,0.1479549505503325,0.0,True,5.950855404434259,5.950855404434259,0.0,True,2.564762302394932,2.564762302394932,0.0,True
ice036_p_6of6|W60|714003-726003,5.393801460900951,5.393801460900951,0.0,True,0.024079470807593532,0.0240794708075935,3.122502256758253e-17,True,0.0022176697027920297,0.002217669702792,2.949029909160572e-17,True,0.0730906090178364,0.0730906090178364,0.0,True,37.70390387836831,37.70390387836831,0.0,True,5.702823276951924,5.702823276951924,0.0,True
ice037_p_1of2|W60|240043-252043,2.84845473672219,2.84845473672219,0.0,True,0.058131729320861025,0.058131729320861,2.7755575615628914e-17,True,0.007797130964240059,0.00779713096424,5.898059818321144e-17,True,0.12487269163430582,0.1248726916343058,2.7755575615628914e-17,True,9.230044108084412,9.230044108084412,0.0,True,3.0772851321216472,3.0772851321216472,0.0,True
ice037_p_1of2|W60|432071-444071,2.1164184621818403,2.1164184621818403,0.0,True,0.058789401727273344,0.0587894017272733,4.163336342344337e-17,True,0.007175769047567861,0.0071757690475678,6.158268339717665e-17,True,0.1255589419885055,0.1255589419885055,0.0,True,8.335682142361952,8.335682142361952,0.0,True,2.9677770609892726,2.9677770609892726,0.0,True
ice037_p_2of2|W60|456097-468097,2.565517869856335,2.565517869856335,0.0,True,0.018067027252509398,0.0180670272525093,9.71445146547012e-17,True,0.0018263385397292078,0.0018263385397292,7.806255641895632e-18,True,0.06602843068254914,0.0660284306825491,4.163336342344337e-17,True,50.19083303691395,50.19083303691395,0.0,True,6.665435968882279,6.665435968882279,0.0,True
ice037_p_2of2|W60|498013-510013,1.9134824816233218,1.9134824816233216,2.220446049250313e-16,True,0.05315229115620338,0.0531522911562033,8.326672684688674e-17,True,0.005685937556544965,0.0056859375565449,6.505213034913027e-17,True,0.11953166122847057,0.1195316612284705,6.938893903907228e-17,True,10.15826918928621,10.15826918928621,0.0,True,3.2158163334544922,3.215816333454492,4.440892098500626e-16,True
ice037_p_2of2|W60|684040-696040,3.233654597542188,3.233654597542188,0.0,True,0.005683048501831614,0.0056830485018316,1.3877787807814457e-17,True,0.0033350362155551904,0.0033350362155551,9.063930161978817e-17,True,0.028561864221855124,0.0285618642218551,2.42861286636753e-17,True,279.1188781280258,279.1188781280258,0.0,True,15.63520444591624,15.63520444591624,0.0,True
ice037_p_2of2|W60|696040-708040,2.013722384266371,2.013722384266371,0.0,True,0.051633907288881314,0.0516339072888813,1.3877787807814457e-17,True,0.0052283208260661415,0.0052283208260661,4.163336342344337e-17,True,0.120961540853581,0.120961540853581,0.0,True,11.54872615868552,11.54872615868552,0.0,True,3.3997919551908327,3.3997919551908327,0.0,True
ice038_p_1of1|W60|156083-168083,2.012343729058959,2.012343729058959,0.0,True,0.06491431384061158,0.0649143138406115,8.326672684688674e-17,True,0.007446400555890835,0.0074464005558908,3.469446951953614e-17,True,0.13853516577046293,0.1385351657704629,2.7755575615628914e-17,True,8.35396761992615,8.35396761992615,0.0,True,2.960789982293925,2.960789982293925,0.0,True
ice038_p_1of1|W60|324083-336083,1.7834460380105441,1.783446038010544,2.220446049250313e-16,True,0.054043819333652855,0.0540438193336528,5.551115123125783e-17,True,0.006074850566883265,0.0060748505668832,6.505213034913027e-17,True,0.11952667579082121,0.1195266757908212,1.3877787807814457e-17,True,9.59920257347435,9.59920257347435,0.0,True,3.1409018484740523,3.1409018484740523,0.0,True
ice038_p_1of1|W60|504088-516088,1.823325734033995,1.823325734033995,0.0,True,0.05881695916238693,0.0588169591623869,3.469446951953614e-17,True,0.007460341180250307,0.0074603411802503,7.806255641895632e-18,True,0.12941781737312838,0.1294178173731283,8.326672684688674e-17,True,9.900229160096995,9.900229160096996,1.7763568394002505e-15,True,3.1789653731966423,3.1789653731966423,0.0,True
ice039_p_1of6|W60|312069-324069,7.580894046753785,7.580894046753785,0.0,True,0.06649907058555951,0.0664990705855595,1.3877787807814457e-17,True,0.005068960850210988,0.0050689608502109,8.847089727481716e-17,True,0.15144275132860763,0.1514427513286076,2.7755575615628914e-17,True,11.063469082936741,11.06346908293674,1.7763568394002505e-15,True,3.251751052369598,3.251751052369598,0.0,True
ice039_p_1of6|W60|516027-528027,7.315667761998956,7.315667761998956,0.0,True,0.08219851417976355,0.0821985141797635,5.551115123125783e-17,True,0.009564505873545265,0.0095645058735452,6.418476861114186e-17,True,0.17235089195523318,0.1723508919552331,8.326672684688674e-17,True,10.419478564273046,10.419478564273046,0.0,True,3.0992822584343345,3.0992822584343345,0.0,True
ice039_p_3of6|W60|348010-360010,7.511872262123077,7.511872262123077,0.0,True,0.07744198208374306,0.077441982083743,5.551115123125783e-17,True,0.016963375699416357,0.0169633756994163,5.898059818321144e-17,True,0.15010778196212937,0.1501077819621293,8.326672684688674e-17,True,8.544419634390655,8.544419634390655,0.0,True,2.9076184787931156,2.9076184787931156,0.0,True
ice039_p_3of6|W60|462035-474035,8.051288410711333,8.051288410711333,0.0,True,0.04282600218463475,0.0428260021846347,4.85722573273506e-17,True,0.0021539622922146194,0.0021539622922146,1.951563910473908e-17,True,0.12054898513000235,0.1205489851300023,5.551115123125783e-17,True,21.146370478514925,21.146370478514925,0.0,True,4.348377321119647,4.348377321119647,0.0,True
ice039_p_4of6|W60|30055-42055,6.337025473516559,6.337025473516559,0.0,True,0.07283937325881103,0.072839373258811,2.7755575615628914e-17,True,0.004793566408074476,0.0047935664080744,7.632783294297951e-17,True,0.15999741270106815,0.1599974127010681,5.551115123125783e-17,True,9.688207650090497,9.688207650090495,1.7763568394002505e-15,True,3.0611975361849617,3.0611975361849617,0.0,True
ice039_p_4of6|W60|156038-168038,5.666674749079848,5.666674749079848,0.0,True,0.060283773926381366,0.0602837739263813,6.938893903907228e-17,True,0.0034315591677198287,0.0034315591677198,2.862293735361732e-17,True,0.1474147599954227,0.1474147599954227,0.0,True,13.321978073988426,13.321978073988426,0.0,True,3.543783656566144,3.543783656566144,0.0,True
ice039_p_4of6|W60|228038-240038,5.273948007003319,5.273948007003319,0.0,True,0.08789913345005532,0.0878991334500553,1.3877787807814457e-17,True,0.009543438556840943,0.0095434385568409,4.336808689942018e-17,True,0.1748085667694452,0.1748085667694452,0.0,True,6.7249476124931675,6.7249476124931675,0.0,True,2.650503169210445,2.650503169210445,0.0,True
ice039_p_4of6|W60|240038-252038,6.042460697625968,6.042460697625968,0.0,True,0.08056614263501291,0.0805661426350129,1.3877787807814457e-17,True,0.01114674669432717,0.0111467466943271,6.938893903907228e-17,True,0.1668036388462198,0.1668036388462198,0.0,True,9.811399491620811,9.811399491620811,0.0,True,3.061702485285902,3.061702485285902,0.0,True
ice039_p_4of6|W60|402069-414069,8.23448181090231,8.23448181090231,0.0,True,0.08577585219689905,0.085775852196899,5.551115123125783e-17,True,0.015413849593316938,0.0154138495933169,3.8163916471489756e-17,True,0.16841316986454524,0.1684131698645452,5.551115123125783e-17,True,9.237377958958607,9.237377958958607,0.0,True,2.943124265326054,2.943124265326054,0.0,True
ice039_p_4of6|W60|540069-552069,6.234907899155757,6.234907899155757,0.0,True,0.07085122612676996,0.0708512261267699,5.551115123125783e-17,True,0.005213005112566179,0.0052130051125661,7.892991815694472e-17,True,0.15676344981203533,0.1567634498120353,2.7755575615628914e-17,True,9.612610113880487,9.612610113880487,0.0,True,3.0745209159064246,3.0745209159064246,0.0,True
ice039_p_4of6|W60|576069-588069,8.921903158863582,8.921903158863582,0.0,True,0.07691295826606537,0.0769129582660653,6.938893903907228e-17,True,0.008177407571092768,0.0081774075710927,6.765421556309548e-17,True,0.1716687479227191,0.1716687479227191,0.0,True,14.238553488437084,14.238553488437084,0.0,True,3.5136992738623074,3.5136992738623074,0.0,True
ice039_p_4of6|W60|588069-600069,7.027171937144831,7.027171937144831,0.0,True,0.05621737549715865,0.0562173754971586,4.85722573273506e-17,True,0.002596253040097268,0.0025962530400972,6.808789643208968e-17,True,0.14416233480067922,0.1441623348006792,2.7755575615628914e-17,True,14.451469605805954,14.451469605805954,0.0,True,3.6699619857878694,3.66996198578787,4.440892098500626e-16,True
ice039_p_5of6|W60|186016-198016,6.431823113538393,6.431823113538393,0.0,True,0.04122963534319483,0.0412296353431948,2.7755575615628914e-17,True,0.0017403739632670143,0.001740373963267,1.431146867680866e-17,True,0.11903403424467394,0.1190340342446739,4.163336342344337e-17,True,16.29934622989274,16.29934622989274,0.0,True,3.9385099455505386,3.9385099455505386,0.0,True
ice039_p_6aof6|W60|198072-210072,6.603934176153378,6.603934176153378,0.0,True,0.09434191680219112,0.0943419168021911,1.3877787807814457e-17,True,0.014571792542766363,0.0145717925427663,6.245004513516506e-17,True,0.17766316782638622,0.1776631678263862,2.7755575615628914e-17,True,6.210042434575417,6.210042434575417,0.0,True,2.5465166001515938,2.5465166001515938,0.0,True
ice040_p_1of5|W60|111000-123000,7.091801419529372,7.091801419529372,0.0,True,0.043242691582496176,0.0432426915824961,7.632783294297951e-17,True,0.0027775272407059796,0.0027775272407059,7.936359902593892e-17,True,0.11108267053705496,0.1110826705370549,6.938893903907228e-17,True,15.263495650676479,15.26349565067648,1.7763568394002505e-15,True,3.832490015651111,3.832490015651111,0.0,True
ice040_p_1of5|W60|324085-336085,5.893478565295925,5.893478565295925,0.0,True,0.060137536380570664,0.0601375363805706,6.245004513516506e-17,True,0.006799456052402286,0.0067994560524022,8.586881206085195e-17,True,0.13009153895006392,0.1300915389500639,2.7755575615628914e-17,True,9.03492487964454,9.03492487964454,0.0,True,3.052495437408461,3.052495437408461,0.0,True
ice040_p_1of5|W60|672085-684085,6.054239088809247,6.054239088809247,0.0,True,0.06509934504095964,0.0650993450409596,4.163336342344337e-17,True,0.010679408199185201,0.0106794081991852,1.734723475976807e-18,True,0.1342130628116432,0.1342130628116432,0.0,True,8.170660937190126,8.170660937190126,0.0,True,2.936320475637144,2.936320475637144,0.0,True
ice040_p_2of5|W60|231000-243000,10.334516306344357,10.334516306344357,0.0,True,0.06263343215966277,0.0626334321596627,6.938893903907228e-17,True,0.008707255788889165,0.0087072557888891,6.418476861114186e-17,True,0.13461599745821215,0.1346159974582121,5.551115123125783e-17,True,10.187751822040767,10.187751822040768,1.7763568394002505e-15,True,3.1693376947280316,3.1693376947280316,0.0,True
ice040_p_2of5|W60|600092-612092,10.81806497951301,10.81806497951301,0.0,True,0.05754289882719687,0.0575428988271968,6.938893903907228e-17,True,0.007137560261234372,0.0071375602612343,7.19910242530375e-17,True,0.12688199581444393,0.1268819958144439,2.7755575615628914e-17,True,10.80090760943569,10.80090760943569,0.0,True,3.2571118649954776,3.2571118649954776,0.0,True
ice040_p_3of5|W60|123000-135000,4.22678781139607,4.22678781139607,0.0,True,0.0728756519206219,0.0728756519206219,0.0,True,0.010685931573102513,0.0106859315731025,1.214306433183765e-17,True,0.1449578564938311,0.1449578564938311,0.0,True,6.734183816578813,6.734183816578813,0.0,True,2.706906067835481,2.706906067835481,0.0,True
ice040_p_4of5|W60|174099-186099,11.920364132514933,11.920364132514932,1.7763568394002505e-15,True,0.05570263613324735,0.0557026361332473,4.85722573273506e-17,True,0.0050691623550074595,0.0050691623550074,5.984795992119984e-17,True,0.1343697465377595,0.1343697465377595,0.0,True,17.403595993636383,17.403595993636383,0.0,True,3.878806883204368,3.878806883204368,0.0,True
ice040_p_4of5|W60|348092-360092,5.793341524857225,5.793341524857225,0.0,True,0.05219226598970473,0.0521922659897047,2.7755575615628914e-17,True,0.005727875769998072,0.005727875769998,7.19910242530375e-17,True,0.12410214107274159,0.1241021410727415,8.326672684688674e-17,True,14.218850128933308,14.218850128933308,0.0,True,3.662221452531751,3.662221452531751,0.0,True
ice040_p_4of5|W60|408092-420092,4.914203367682223,4.914203367682223,0.0,True,0.05992930936197833,0.0599293093619783,2.7755575615628914e-17,True,0.0055048263514629455,0.0055048263514629,4.597017211338539e-17,True,0.13533068806173415,0.1353306880617341,5.551115123125783e-17,True,10.343890248344088,10.343890248344088,0.0,True,3.2176047843137052,3.2176047843137052,0.0,True
ice040_p_4of5|W60|444092-456092,4.91311376478167,4.91311376478167,0.0,True,0.060655725491131726,0.0606557254911317,2.7755575615628914e-17,True,0.005509583953022536,0.0055095839530225,3.642919299551295e-17,True,0.13543906744522943,0.1354390674452294,2.7755575615628914e-17,True,9.643618813477998,9.643618813477998,0.0,True,3.132857573941231,3.132857573941231,0.0,True
ice040_p_4of5|W60|480092-492092,5.399352597780199,5.399352597780199,0.0,True,0.06665867404666913,0.0666586740466691,2.7755575615628914e-17,True,0.009317548376835138,0.0093175483768351,3.8163916471489756e-17,True,0.13900606370481372,0.1390060637048137,2.7755575615628914e-17,True,8.62274011682949,8.62274011682949,0.0,True,2.9697067901289844,2.9697067901289844,0.0,True
ice040_p_5of5|W60|27000-39000,8.289194361076882,8.289194361076882,0.0,True,0.06327629283264796,0.0632762928326479,5.551115123125783e-17,True,0.0073569440797148986,0.0073569440797148,9.8879238130678e-17,True,0.13824490721201518,0.1382449072120151,8.326672684688674e-17,True,10.430245942176622,10.430245942176622,0.0,True,3.194375260042645,3.194375260042645,0.0,True
ice040_p_5of5|W60|258017-270017,5.980319033615745,5.980319033615745,0.0,True,0.060407262965815604,0.0604072629658156,6.938893903907228e-18,True,0.0063272555604477355,0.0063272555604477,3.5561831257524545e-17,True,0.13388238831578986,0.1338823883157898,5.551115123125783e-17,True,10.276022955669031,10.276022955669031,0.0,True,3.198657891136577,3.198657891136577,0.0,True
ice041_p_1of2|W60|468017-480017,6.204748164265903,6.204748164265903,0.0,True,0.06024027343947478,0.0602402734394747,8.326672684688674e-17,True,0.010263074284876427,0.0102630742848764,2.6020852139652106e-17,True,0.1265260002959449,0.1265260002959449,0.0,True,10.044419935714409,10.044419935714409,0.0,True,3.1525245801757,3.1525245801757,0.0,True
ice041_p_1of2|W60|720082-732082,6.786218790539901,6.786218790539901,0.0,True,0.06786218790539901,0.067862187905399,1.3877787807814457e-17,True,0.016690944229581617,0.0166909442295816,1.734723475976807e-17,True,0.12981457734035795,0.1298145773403579,5.551115123125783e-17,True,10.236396526564707,10.236396526564707,0.0,True,3.068436319459092,3.068436319459092,0.0,True
ice041_p_2of2|W60|15000-27000,6.232648717053999,6.232648717053999,0.0,True,0.016982694051918254,0.0169826940519182,5.551115123125783e-17,True,0.0017022460876823526,0.0017022460876823,5.2692225582795515e-17,True,0.06976587323698083,0.0697658732369808,2.7755575615628914e-17,True,54.20165876350129,54.20165876350129,0.0,True,6.9850761746767684,6.985076174676768,8.881784197001252e-16,True
ice041_p_2of2|W60|408051-420051,3.292801112132182,3.292801112132182,0.0,True,0.042763650806911455,0.0427636508069114,5.551115123125783e-17,True,0.0036840647564351245,0.0036840647564351,2.47198095326695e-17,True,0.10746612916307373,0.1074661291630737,2.7755575615628914e-17,True,15.32185993917987,15.32185993917987,0.0,True,3.8252574977289124,3.825257497728912,4.440892098500626e-16,True
ice042_p_2of2|W60|3000-15000,7.952397165877103,7.952397165877103,0.0,True,0.06682686694014373,0.0668268669401437,2.7755575615628914e-17,True,0.010606948163467116,0.0106069481634671,1.5612511283791264e-17,True,0.1378824349108993,0.1378824349108993,0.0,True,8.744748134247905,8.744748134247905,0.0,True,2.9807291737023944,2.9807291737023944,0.0,True
ice043_p_2of2|W60|468077-480077,4.2720951162415535,4.2720951162415535,0.0,True,0.0562117778452836,0.0562117778452836,0.0,True,0.0063275357787885254,0.0063275357787885,2.5153490401663703e-17,True,0.12478856866130475,0.1247885686613047,5.551115123125783e-17,True,10.420908827052541,10.42090882705254,1.7763568394002505e-15,True,3.218396079461273,3.218396079461273,0.0,True
ice043_p_2of2|W60|480077-492077,3.820442079932004,3.820442079932004,0.0,True,0.04548145333252386,0.0454814533325238,6.245004513516506e-17,True,0.0029126069454810635,0.002912606945481,6.375108774214766e-17,True,0.11364779870888728,0.1136477987088872,8.326672684688674e-17,True,13.413665071753663,13.413665071753664,1.7763568394002505e-15,True,3.632505658549659,3.632505658549659,0.0,True
ice044_p_1of3|W60|51000-63000,1.4780509814088252,1.4780509814088252,0.0,True,0.05912203925635301,0.059122039256353,6.938893903907228e-18,True,0.008589196901591338,0.0085891969015913,3.8163916471489756e-17,True,0.1252865273172622,0.1252865273172622,0.0,True,8.90075983096415,8.90075983096415,0.0,True,3.0421648274486817,3.0421648274486817,0.0,True
ice044_p_1of3|W60|276057-288057,1.4802757313254338,1.4802757313254338,0.0,True,0.038954624508564045,0.038954624508564,4.85722573273506e-17,True,0.0016531061177666,0.0016531061177666,0.0,True,0.10899795127383007,0.10899795127383,6.938893903907228e-17,True,15.833481014280938,15.833481014280938,0.0,True,3.943224964799599,3.943224964799599,0.0,True
ice044_p_2of3|W60|63000-75000,5.542738984007229,5.542738984007229,0.0,True,0.06370964349433597,0.0637096434943359,6.938893903907228e-17,True,0.009666505923230739,0.0096665059232307,3.8163916471489756e-17,True,0.1357845600621435,0.1357845600621435,0.0,True,9.464968894139824,9.464968894139824,0.0,True,3.095737733942184,3.095737733942184,0.0,True
ice044_p_2of3|W60|432038-444038,7.137855099627881,7.137855099627881,0.0,True,0.050266585208647054,0.050266585208647,5.551115123125783e-17,True,0.004638330517995138,0.0046383305179951,3.729655473350135e-17,True,0.11959202253241676,0.1195920225324167,5.551115123125783e-17,True,14.52671633093587,14.52671633093587,0.0,True,3.680213263128264,3.680213263128264,0.0,True
ice044_p_3of3|W60|6018-18018,3.2348612212291474,3.234861221229147,4.440892098500626e-16,True,0.0703230700267206,0.0703230700267206,0.0,True,0.010867765406465876,0.0108677654064658,7.632783294297951e-17,True,0.14101251397179174,0.1410125139717917,2.7755575615628914e-17,True,7.068205686462491,7.068205686462491,0.0,True,2.7650319679416984,2.7650319679416984,0.0,True
ice044_p_3of3|W60|48018-60018,2.011632586445507,2.011632586445507,0.0,True,0.05747521675558591,0.0574752167555859,6.938893903907228e-18,True,0.004571107648013407,0.0045711076480134,6.938893903907228e-18,True,0.13216481800434282,0.1321648180043428,2.7755575615628914e-17,True,9.882233224606635,9.882233224606637,1.7763568394002505e-15,True,3.1898772735017418,3.1898772735017418,0.0,True
ice045_p_2of4|W60|372049-384049,2.989856076152639,2.989856076152639,0.0,True,0.058624628944169394,0.0586246289441693,9.020562075079397e-17,True,0.005732161780574713,0.0057321617805747,1.3010426069826053e-17,True,0.13208331242301774,0.1320833124230177,2.7755575615628914e-17,True,10.110698882503824,10.110698882503824,0.0,True,3.2058736438362057,3.2058736438362057,0.0,True
ice045_p_4of4|W60|756011-768011,2.809591794760464,2.809591794760464,0.0,True,0.057338608056336,0.057338608056336,0.0,True,0.004638790764264029,0.004638790764264,2.949029909160572e-17,True,0.13330990557940742,0.1333099055794074,2.7755575615628914e-17,True,11.368664094821087,11.368664094821089,1.7763568394002505e-15,True,3.3544320387600126,3.3544320387600126,0.0,True
